time,heart_rate,skin_conductance,muscle_tension
0,60.0,3.4332731017648364,10.0
1,60.62790519529313,5.795009070313941,10.927050983124841
2,61.253332335643044,5.697724634818935,11.76335575687742
3,61.87381314585725,5.02633638021406,12.427050983124843
4,62.48689887164855,2.1414088217626803,12.853169548885461
5,63.09016994374947,3.5268552463115936,13.0
6,63.68124552684678,3.909931232443191,12.853169548885461
7,64.25779291565073,6.285340525309384,12.427050983124843
8,64.81753674101715,5.137607256491661,11.76335575687742
9,65.35826794978996,5.020483342849331,10.927050983124843
10,65.87785252292473,4.642173257925391,10.0
11,66.3742398974869,6.6079303643155605,9.072949016875159
12,66.8454710592869,9.052633108174962,8.23664424312258
13,67.28968627421412,4.121432827006993,7.5729490168751585
14,67.70513242775789,5.96367164156794,7.146830451114539
15,68.09016994374947,7.803779875913467,7.0
16,68.44327925502014,5.042322197401057,7.146830451114539
17,68.76306680043864,2.847321208583175,7.572949016875157
18,69.0482705246602,5.7979130629955264,8.23664424312258
19,69.29776485888252,4.3370006925161935,9.072949016875157
20,69.51056516295154,7.24535474884536,10.0
21,69.68583161128632,6.006928266960039,10.927050983124841
22,69.82287250728689,5.075718006012731,11.763355756877418
23,69.92114701314478,5.860594722960219,12.427050983124841
24,69.98026728428272,3.3225370668236076,12.853169548885461
25,70.0,1.771966838810696,13.0
26,69.98026728428272,6.0936426055509525,12.853169548885461
27,69.92114701314478,4.245607022089043,12.427050983124843
28,69.82287250728689,2.321377665448548,11.76335575687742
29,69.68583161128632,3.315555254889884,10.927050983124843
30,69.51056516295154,5.839660246998934,10.000000000000002
31,69.29776485888252,1.3232504733290775,9.072949016875159
32,69.0482705246602,4.976867760405468,8.236644243122582
33,68.76306680043864,5.253452318103169,7.5729490168751585
34,68.44327925502014,5.141989944428436,7.14683045111454
35,68.09016994374947,2.509788701027066,7.0
36,67.70513242775789,0.8383619549367847,7.146830451114539
37,67.28968627421412,5.210792530759232,7.572949016875157
38,66.84547105928688,2.662123860946523,8.23664424312258
39,66.37423989748689,4.2446805513068355,9.072949016875157
40,65.87785252292473,2.8971522345727494,9.999999999999998
41,65.35826794978996,5.173853397121493,10.927050983124841
42,64.81753674101715,3.2298238251104125,11.763355756877418
43,64.25779291565073,5.231796782717897,12.427050983124841
44,63.68124552684678,6.268161277169833,12.853169548885461
45,63.09016994374947,2.864544321055316,13.0
46,62.48689887164855,7.3826225588131456,12.853169548885461
47,61.87381314585725,5.674931415895883,12.427050983124843
48,61.25333233564304,6.688375686632467,11.76335575687742
49,60.62790519529313,8.73137644936964,10.927050983124843
50,60.0,6.922307044954138,10.000000000000002
51,59.37209480470687,3.1287077909988223,9.072949016875164
52,58.746667664356956,2.013941907388489,8.236644243122582
53,58.12618685414275,6.136133092501203,7.572949016875156
54,57.51310112835145,4.620255494155075,7.14683045111454
55,56.90983005625052,1.2514777151201155,7.0
56,56.31875447315322,0.6021995552240664,7.146830451114539
57,55.742207084349275,7.186634244261912,7.572949016875159
58,55.18246325898285,3.7151847486294254,8.23664424312258
59,54.64173205021003,5.229745162414331,9.072949016875151
60,54.122147477075266,6.510492599717285,9.999999999999998
61,53.6257601025131,2.7647707244531508,10.927050983124845
62,53.154528940713114,3.311681158147337,11.763355756877417
63,52.71031372578588,2.939834458883806,12.427050983124838
64,52.294867572242104,3.6767512783097662,12.853169548885461
65,51.90983005625053,5.639289544630503,13.0
66,51.55672074497985,3.8031418368196963,12.853169548885461
67,51.23693319956136,6.550344185969811,12.427050983124847
68,50.9517294753398,4.150713183891066,11.763355756877422
69,50.702235141117484,2.137742050111876,10.92705098312484
70,50.489434837048464,2.766624579272234,10.000000000000002
71,50.31416838871369,6.191039773241019,9.072949016875166
72,50.17712749271311,6.744543055496649,8.236644243122583
73,50.078852986855225,6.668878361513513,7.572949016875157
74,50.01973271571728,3.8211310424355918,7.14683045111454
75,50.0,3.104463392638668,7.0
76,50.01973271571728,3.810066867139875,7.146830451114538
77,50.078852986855225,5.688085529043791,7.572949016875159
78,50.17712749271311,5.569531007287889,8.236644243122578
79,50.31416838871369,3.9773888392035297,9.07294901687515
80,50.489434837048464,5.251245248574591,9.999999999999996
81,50.702235141117484,4.670314989991707,10.927050983124845
82,50.9517294753398,5.529834293471147,11.763355756877417
83,51.23693319956136,4.939682049482282,12.427050983124838
84,51.55672074497985,5.640372814088451,12.853169548885461
85,51.90983005625053,4.518750883916183,13.0
86,52.29486757224211,7.2048250037278265,12.853169548885461
87,52.71031372578588,4.440039517467211,12.427050983124847
88,53.15452894071312,1.3709016841243309,11.763355756877422
89,53.625760102513105,3.2834654289731136,10.92705098312484
90,54.12214747707527,4.81217684535201,10.000000000000004
91,54.64173205021004,7.460589204831984,9.072949016875166
92,55.18246325898285,3.1086219684181717,8.236644243122583
93,55.742207084349275,5.064333244648181,7.572949016875157
94,56.31875447315322,5.220887457615325,7.146830451114541
95,56.909830056250534,3.9313781700274357,7.0
96,57.51310112835146,7.307511632545626,7.146830451114538
97,58.12618685414275,6.790660493597924,7.5729490168751585
98,58.74666766435696,3.4094425081540285,8.236644243122578
99,59.37209480470687,5.819249117722411,9.07294901687515
100,60.00000000000001,7.178796581515354,9.999999999999996
101,60.62790519529314,2.96095635225293,10.927050983124843
102,61.253332335643044,4.516571475923725,11.763355756877408
103,61.87381314585725,5.6841102183144585,12.427050983124836
104,62.48689887164855,6.573215456459955,12.85316954888546
105,63.09016994374948,1.8157947984756095,13.0
106,63.68124552684678,10.310531899471712,12.85316954888546
107,64.25779291565073,2.4310348115231566,12.427050983124847
108,64.81753674101715,5.4885278542541815,11.763355756877424
109,65.35826794978996,4.491421828020147,10.927050983124841
110,65.87785252292474,3.9492470946166076,10.000000000000014
111,66.3742398974869,4.3237023187693415,9.072949016875167
112,66.8454710592869,5.525655168284609,8.236644243122583
113,67.28968627421412,3.3730936265335547,7.572949016875157
114,67.70513242775789,3.0382198791535266,7.146830451114537
115,68.09016994374947,4.320968389306426,7.0
116,68.44327925502014,6.127644066015796,7.146830451114538
117,68.76306680043864,8.029700102927007,7.5729490168751585
118,69.0482705246602,4.967178125478166,8.23664424312257
119,69.29776485888252,3.5420068794791253,9.072949016875148
120,69.51056516295154,4.254449616676568,9.999999999999996
121,69.68583161128632,6.676262457371964,10.927050983124843
122,69.82287250728689,5.698670120115726,11.763355756877424
123,69.92114701314478,2.4183795731812716,12.427050983124836
124,69.98026728428272,4.117192557074824,12.85316954888546
125,70.0,4.083186393078361,13.0
126,69.98026728428272,7.048193599230137,12.853169548885464
127,69.92114701314478,4.758250087689045,12.427050983124849
128,69.82287250728689,7.1762092129913455,11.763355756877424
129,69.68583161128632,3.9267138565477624,10.927050983124841
130,69.51056516295154,2.5785673299823175,9.999999999999995
131,69.29776485888252,1.8944043275435765,9.072949016875167
132,69.0482705246602,4.882942864917557,8.236644243122585
133,68.76306680043864,5.125566780034846,7.572949016875157
134,68.44327925502014,6.998545726704486,7.146830451114544
135,68.09016994374947,6.349965250232178,7.0
136,67.70513242775789,5.311740526780376,7.146830451114537
137,67.2896862742141,4.770819733290118,7.5729490168751585
138,66.84547105928688,4.819961136119227,8.236644243122585
139,66.3742398974869,7.626023382941783,9.072949016875148
140,65.87785252292474,4.618688323326891,9.999999999999995
141,65.35826794978996,2.3878459859990797,10.927050983124843
142,64.81753674101715,1.8946625105995691,11.763355756877406
143,64.25779291565073,5.243429295044824,12.427050983124836
144,63.68124552684678,2.9383108263948996,12.85316954888546
145,63.09016994374948,2.9796978442481117,13.0
146,62.486898871648535,8.259592707754754,12.85316954888546
147,61.87381314585724,1.876559333178657,12.427050983124849
148,61.25333233564304,5.531633791443378,11.763355756877424
149,60.62790519529313,8.692865512340834,10.927050983124843
150,60.00000000000001,6.68269672910748,10.000000000000016
151,59.372094804706855,1.360802564208484,9.072949016875167
152,58.74666766435695,5.203313897288258,8.236644243122585
153,58.12618685414275,4.784684161953153,7.5729490168751585
154,57.51310112835145,4.061348093854333,7.146830451114537
155,56.90983005625053,1.3458576990155016,7.0
156,56.31875447315321,4.80851594079758,7.146830451114537
157,55.74220708434927,5.262309260820181,7.572949016875157
158,55.18246325898284,5.937546137154078,8.236644243122567
159,54.64173205021004,5.479531021538258,9.072949016875148
160,54.12214747707527,-2.060844941844474,9.999999999999995
161,53.6257601025131,1.899992652913777,10.927050983124841
162,53.15452894071311,4.849424259606537,11.763355756877424
163,52.71031372578588,8.81166819252085,12.427050983124836
164,52.29486757224211,3.156277539826191,12.85316954888546
165,51.90983005625052,4.815804248419066,13.0
166,51.55672074497984,3.126796578659727,12.853169548885466
167,51.23693319956136,4.06388301436087,12.427050983124849
168,50.9517294753398,8.193658968301111,11.763355756877424
169,50.702235141117484,1.441563313613135,10.927050983124843
170,50.489434837048464,2.6778470158221337,9.999999999999996
171,50.31416838871368,5.572404352696363,9.07294901687517
172,50.17712749271311,4.469354980549147,8.236644243122585
173,50.078852986855225,4.5320428436008395,7.5729490168751585
174,50.01973271571728,7.824478267041169,7.146830451114544
175,50.0,6.574441027750999,7.0
176,50.01973271571728,5.19353756860865,7.146830451114537
177,50.078852986855225,3.5791558238783487,7.572949016875157
178,50.17712749271311,3.355586234604705,8.236644243122583
179,50.31416838871369,10.351789706655158,9.072949016875146
180,50.489434837048464,9.95548955367083,9.999999999999993
181,50.70223514111749,7.583248067416089,10.927050983124841
182,50.9517294753398,2.837146374771835,11.763355756877406
183,51.23693319956136,4.012611913779374,12.427050983124836
184,51.55672074497985,4.907576518224087,12.85316954888546
185,51.909830056250534,4.735528331709662,13.0
186,52.29486757224211,4.810801491763118,12.85316954888546
187,52.71031372578589,3.7457977656255044,12.42705098312485
188,53.154528940713114,6.511274558711969,11.763355756877425
189,53.625760102513105,3.5026462282718094,10.927050983124843
190,54.12214747707528,7.234631891691592,10.000000000000018
191,54.641732050210045,8.338869509169495,9.07294901687517
192,55.18246325898285,5.778099598989686,8.236644243122587
193,55.742207084349275,5.719524101326607,7.5729490168751585
194,56.31875447315322,3.8841169055361817,7.146830451114538
195,56.90983005625054,6.533511686943534,7.0
196,57.51310112835146,6.677443433924658,7.146830451114537
197,58.12618685414276,3.6258234008400683,7.572949016875157
198,58.74666766435696,5.9513077246143125,8.236644243122566
199,59.37209480470686,4.912193979438677,9.072949016875146
200,60.000000000000014,3.3348853498370024,9.999999999999993
201,60.627905195293145,5.414627836129938,10.92705098312484
202,61.25333233564305,3.799606314174949,11.763355756877422
203,61.87381314585725,4.05901465404289,12.427050983124834
204,62.48689887164855,5.595459680577725,12.853169548885452
205,63.09016994374949,6.947818734435809,13.0
206,63.68124552684679,4.8562177760813725,12.853169548885466
207,64.25779291565073,2.995147639524229,12.42705098312485
208,64.81753674101715,6.399913402430014,11.763355756877425
209,65.35826794978996,1.3352739195995893,10.927050983124845
210,65.87785252292474,8.699478923858397,9.999999999999996
211,66.3742398974869,7.210654976817967,9.07294901687515
212,66.8454710592869,5.1809962334029604,8.23664424312257
213,67.28968627421412,5.985586697396778,7.572949016875172
214,67.70513242775789,5.267284119927943,7.146830451114545
215,68.09016994374949,2.9767811632974546,7.0
216,68.44327925502016,5.2588542143400705,7.146830451114537
217,68.76306680043864,1.3566102241843692,7.572949016875157
218,69.0482705246602,6.475445140934808,8.236644243122583
219,69.29776485888252,5.944288000887795,9.072949016875166
220,69.51056516295154,3.121581248873543,9.99999999999997
221,69.68583161128632,3.3225297233482696,10.92705098312482
222,69.82287250728689,3.968380002055186,11.763355756877404
223,69.92114701314478,7.174062478845597,12.427050983124834
224,69.98026728428272,7.075949297808496,12.853169548885457
225,70.0,0.6053287755543293,13.0
226,69.98026728428272,2.7813198261688172,12.853169548885461
227,69.92114701314478,9.382344875736148,12.427050983124838
228,69.82287250728689,7.098548842330601,11.76335575687741
229,69.6858316112863,8.091381085704096,10.927050983124865
230,69.51056516295154,4.592254203836944,10.00000000000002
231,69.29776485888252,5.567542080699703,9.072949016875171
232,69.0482705246602,6.946598383136058,8.236644243122587
233,68.76306680043864,5.137124301162054,7.572949016875159
234,68.44327925502014,3.0295977712191413,7.146830451114539
235,68.09016994374947,7.331215777593892,7.0
236,67.70513242775789,6.639572144640786,7.14683045111453
237,67.28968627421412,7.055394687193328,7.572949016875143
238,66.8454710592869,2.79215925402067,8.236644243122566
239,66.37423989748689,0.5137747590474442,9.072949016875144
240,65.87785252292473,4.210357313937142,9.999999999999991
241,65.35826794978996,4.303179151693203,10.92705098312484
242,64.81753674101715,2.6792215055673134,11.76335575687742
243,64.25779291565073,6.14614241230047,12.427050983124847
244,63.681245526846766,7.23028336588647,12.853169548885464
245,63.090169943749466,6.799598635851935,13.0
246,62.48689887164854,4.677235919117246,12.853169548885468
247,61.87381314585724,8.920312545396198,12.42705098312485
248,61.253332335643044,3.943742060811812,11.763355756877427
249,60.62790519529312,4.343126295099715,10.927050983124847
250,59.999999999999986,6.353853776890858,9.999999999999998
251,59.37209480470686,1.4474348761537752,9.072949016875151
252,58.746667664356956,4.36768796251263,8.236644243122605
253,58.12618685414275,4.09435592926629,7.572949016875173
254,57.51310112835144,5.979325818547468,7.146830451114545
255,56.90983005625051,4.992487949637966,7.0
256,56.31875447315321,5.775818282082124,7.146830451114536
257,55.74220708434927,5.460562715817923,7.572949016875155
258,55.18246325898285,3.064236082704916,8.236644243122582
259,54.64173205021004,5.583484897662317,9.072949016875164
260,54.12214747707527,5.486665227380721,10.000000000000012
261,53.625760102513084,5.514181624525037,10.927050983124818
262,53.1545289407131,4.93952376676961,11.763355756877402
263,52.71031372578587,3.435707393467123,12.427050983124833
264,52.2948675722421,3.205579584945229,12.853169548885457
265,51.90983005625052,4.714014634261049,13.0
266,51.55672074497984,2.7344288256190388,12.853169548885461
267,51.23693319956136,3.942602417736773,12.42705098312484
268,50.9517294753398,4.798220850585665,11.763355756877445
269,50.702235141117484,7.092996332245887,10.927050983124866
270,50.489434837048464,3.9868176230456744,10.000000000000021
271,50.31416838871368,5.4604724772244015,9.072949016875173
272,50.17712749271311,6.418185384475044,8.236644243122589
273,50.07885298685522,6.941023908569246,7.57294901687516
274,50.01973271571728,2.804902021876714,7.146830451114539
275,50.0,5.175801560807555,7.0
276,50.01973271571728,5.478240757047699,7.146830451114543
277,50.078852986855225,5.976383475537552,7.5729490168751425
278,50.17712749271311,2.669673193951181,8.236644243122564
279,50.31416838871369,6.776265777475746,9.072949016875143
280,50.489434837048464,5.621777531001191,9.99999999999999
281,50.7022351411175,2.375062502160245,10.927050983124838
282,50.95172947533982,1.4421968414256074,11.76335575687742
283,51.23693319956137,6.560781143661397,12.427050983124847
284,51.556720744979856,4.696231339809827,12.85316954888545
285,51.909830056250534,5.164649408784365,13.0
286,52.29486757224211,5.983428394575236,12.853169548885468
287,52.71031372578589,3.615739762888862,12.427050983124852
288,53.154528940713114,6.299688086254281,11.763355756877427
289,53.6257601025131,4.938574679426156,10.927050983124847
290,54.12214747707526,5.267441669377662,10.0
291,54.64173205021005,7.878374602490668,9.072949016875153
292,55.182463258982864,5.754888146557127,8.236644243122573
293,55.74220708434929,3.03209423951932,7.572949016875173
294,56.318754473153234,9.30216400344432,7.146830451114546
295,56.909830056250534,6.973252695188731,7.0
296,57.51310112835146,-0.4217233327753238,7.1468304511145355
297,58.12618685414276,5.527085502660416,7.572949016875154
298,58.746667664356956,3.539753049330303,8.23664424312258
299,59.37209480470686,8.1017631325464,9.072949016875162
300,59.99999999999999,7.777525880932714,9.999999999999968
301,60.62790519529316,5.2151567341542915,10.927050983124817
302,61.253332335643066,3.906229078543329,11.763355756877402
303,61.87381314585726,2.6968587824325474,12.427050983124833
304,62.48689887164856,5.681929580037517,12.853169548885457
305,63.09016994374949,4.003763757187729,13.0
306,63.68124552684679,5.0115996067743875,12.853169548885461
307,64.25779291565073,5.7942379744057115,12.42705098312484
308,64.81753674101715,7.9001185570870245,11.763355756877411
309,65.35826794978996,8.045916021089733,10.927050983124868
310,65.87785252292473,7.476141386394558,10.000000000000021
311,66.37423989748692,7.082208780643697,9.072949016875175
312,66.84547105928691,4.544570384804202,8.23664424312259
313,67.28968627421412,3.9542813122145173,7.572949016875161
314,67.7051324277579,4.346285854217545,7.146830451114539
315,68.09016994374949,5.094758171456061,7.0
316,68.44327925502016,4.25780871809476,7.146830451114529
317,68.76306680043864,6.632673695099128,7.572949016875141
318,69.0482705246602,6.893033242765278,8.236644243122562
319,69.29776485888252,4.073323647851486,9.07294901687514
320,69.51056516295154,3.3627552525014535,9.999999999999988
321,69.68583161128632,3.5522407508328486,10.927050983124836
322,69.82287250728689,1.5343143962708057,11.763355756877418
323,69.92114701314478,5.584302082019842,12.427050983124845
324,69.98026728428272,5.822617863873311,12.853169548885464
325,70.0,1.4819923548697567,13.0
326,69.98026728428272,6.175033908540455,12.853169548885468
327,69.92114701314478,6.378038067172241,12.427050983124852
328,69.82287250728689,4.982521825848021,11.763355756877429
329,69.68583161128632,3.6902815660617456,10.927050983124849
330,69.51056516295152,5.965293457866576,10.000000000000002
331,69.2977648588825,0.4942785455284513,9.072949016875153
332,69.04827052466018,2.6402101447742568,8.236644243122608
333,68.76306680043862,3.6141191171185683,7.5729490168751745
334,68.44327925502014,3.5381911345451753,7.146830451114546
335,68.09016994374947,6.218836737609579,7.0
336,67.70513242775789,5.658592034340685,7.1468304511145355
337,67.28968627421412,4.050359965033029,7.572949016875153
338,66.8454710592869,1.842023151733767,8.23664424312258
339,66.3742398974869,6.229630270387607,9.07294901687516
340,65.87785252292471,7.217236471716085,10.000000000000009
341,65.35826794978995,6.969409520470171,10.927050983124815
342,64.81753674101714,7.504214621000417,11.7633557568774
343,64.25779291565071,8.04614943960971,12.427050983124833
344,63.681245526846766,3.222956249335307,12.853169548885457
345,63.090169943749466,3.49753486195831,13.0
346,62.48689887164854,6.624656446954228,12.853169548885461
347,61.87381314585724,8.049340471877787,12.42705098312484
348,61.253332335643044,4.38690736253635,11.763355756877447
349,60.62790519529314,4.285723717292207,10.92705098312487
350,59.99999999999997,7.095923793144421,10.000000000000023
351,59.37209480470684,1.9283219058252579,9.072949016875175
352,58.746667664356934,4.584599389864788,8.23664424312259
353,58.12618685414274,6.176019231173892,7.572949016875162
354,57.51310112835144,1.794345738826316,7.14683045111454
355,56.90983005625052,6.570852773582471,7.0
356,56.31875447315321,6.266839093010053,7.146830451114542
357,55.742207084349275,7.2971230867263195,7.572949016875141
358,55.18246325898285,5.582376625470278,8.236644243122562
359,54.64173205021004,-0.04494903096608027,9.07294901687514
360,54.122147477075245,7.160360001322452,9.999999999999988
361,53.625760102513084,5.896113749587222,10.927050983124834
362,53.1545289407131,5.07103023100674,11.763355756877417
363,52.71031372578587,8.445311991202608,12.427050983124843
364,52.2948675722421,6.507692341260936,12.85316954888545
365,51.90983005625052,7.3508615590978055,13.0
366,51.55672074497984,2.8036385532026724,12.853169548885468
367,51.23693319956136,3.0207210039948027,12.427050983124854
368,50.9517294753398,2.0986945658665115,11.76335575687743
369,50.702235141117484,5.846069503059657,10.92705098312485
370,50.48943483704846,2.535281892250425,10.000000000000004
371,50.31416838871368,4.529245894768488,9.072949016875155
372,50.17712749271311,3.1754840867330962,8.236644243122575
373,50.078852986855225,6.2793826514399,7.572949016875175
374,50.01973271571728,6.432464155471315,7.146830451114546
375,50.0,3.0510727211939734,7.0
376,50.01973271571728,5.67854162766094,7.1468304511145355
377,50.078852986855225,1.189699648905782,7.572949016875153
378,50.17712749271311,3.4932231663131663,8.236644243122578
379,50.31416838871369,1.3480958964506242,9.07294901687516
380,50.48943483704847,5.760553548307074,9.999999999999964
381,50.7022351411175,3.5757084465555904,10.927050983124813
382,50.95172947533982,5.683077976176429,11.763355756877399
383,51.23693319956137,3.449972120565589,12.42705098312483
384,51.556720744979856,2.2629911779191816,12.853169548885457
385,51.90983005625053,4.305709216071788,13.0
386,52.29486757224211,4.379097463845737,12.853169548885461
387,52.71031372578589,4.8800868319392805,12.427050983124841
388,53.154528940713114,6.7902570934263755,11.763355756877413
389,53.62576010251313,2.7357383346147737,10.927050983124872
390,54.12214747707529,6.965518236715156,10.000000000000025
391,54.64173205021005,3.4948172560712694,9.072949016875176
392,55.182463258982864,6.493740173364896,8.236644243122592
393,55.74220708434929,4.378540458944008,7.572949016875163
394,56.318754473153234,5.009780593558005,7.146830451114541
395,56.909830056250534,5.917178635959732,7.0
396,57.51310112835146,5.837143278834445,7.146830451114528
397,58.12618685414275,5.920714245308705,7.57294901687514
398,58.746667664356956,2.3705896130520543,8.23664424312256
399,59.3720948047069,7.019184472078486,9.072949016875139
400,60.00000000000003,2.7327373188688253,9.999999999999986
401,60.62790519529315,9.038887562072407,10.927050983124833
402,61.25333233564306,4.903880341612297,11.763355756877417
403,61.87381314585726,7.8913020302594585,12.427050983124843
404,62.486898871648556,6.230725059961406,12.853169548885463
405,63.09016994374948,4.813800377224805,13.0
406,63.68124552684678,2.2426884365546735,12.853169548885468
407,64.25779291565073,6.27170725406395,12.427050983124854
408,64.81753674101715,5.66122999218559,11.763355756877466
409,65.35826794978999,4.227198483568965,10.927050983124852
410,65.87785252292475,2.3662467485889054,10.000000000000046
411,66.37423989748692,5.027292355442586,9.072949016875157
412,66.8454710592869,5.652517181117008,8.23664424312261
413,67.28968627421412,4.955866558969234,7.572949016875151
414,67.7051324277579,11.259394154673302,7.146830451114548
415,68.09016994374949,4.194750097444873,7.0
416,68.44327925502016,1.668268425055499,7.146830451114535
417,68.76306680043864,1.538478023516102,7.572949016875127
418,69.0482705246602,6.740907050456963,8.236644243122576
419,69.29776485888253,3.2332309761926257,9.072949016875118
420,69.51056516295154,5.254428712508746,10.000000000000005
421,69.68583161128632,7.745715475888947,10.927050983124813
422,69.82287250728689,9.257378904033587,11.763355756877433
423,69.92114701314478,5.802221961860811,12.427050983124829
424,69.98026728428272,2.7849163050870227,12.853169548885468
425,70.0,4.064390075034259,13.0
426,69.98026728428272,5.561522845321579,12.853169548885475
427,69.92114701314478,5.875099304518583,12.427050983124841
428,69.82287250728689,7.810752764477982,11.763355756877448
429,69.6858316112863,6.990029387278033,10.927050983124833
430,69.51056516295152,6.808317881784324,10.000000000000027
431,69.2977648588825,0.5471326425053249,9.072949016875137
432,69.04827052466018,8.355044490856061,8.236644243122594
433,68.76306680043862,5.023339970214008,7.572949016875189
434,68.44327925502014,3.4510442533300836,7.146830451114541
435,68.09016994374947,5.55339380773969,7.0
436,67.70513242775789,3.1727438197567652,7.146830451114541
437,67.28968627421412,4.139949663431721,7.572949016875139
438,66.8454710592869,4.254198997011561,8.236644243122594
439,66.37423989748687,6.069887718058896,9.072949016875137
440,65.87785252292471,6.1891307841281655,9.999999999999941
441,65.35826794978995,5.165546562420643,10.927050983124833
442,64.81753674101714,3.3916694763417894,11.763355756877381
443,64.25779291565071,5.852222145464867,12.427050983124841
444,63.68124552684677,4.738420320223957,12.853169548885448
445,63.090169943749466,5.86382257394941,13.0
446,62.48689887164854,5.747954934989524,12.853169548885468
447,61.87381314585725,3.809193460090793,12.427050983124829
448,61.25333233564301,2.589287994991254,11.763355756877433
449,60.6279051952931,2.827584100803888,10.927050983124893
450,59.99999999999998,6.631288458091635,10.000000000000005
451,59.37209480470685,3.696445181689104,9.0729490168752
452,58.74666766435694,7.131042255351808,8.236644243122576
453,58.12618685414274,2.8172298853796596,7.572949016875177
454,57.513101128351444,3.4212974273714596,7.146830451114535
455,56.90983005625052,2.9481954033761784,7.0
456,56.31875447315322,7.187562863921707,7.146830451114548
457,55.742207084349275,4.130757127201354,7.572949016875151
458,55.18246325898282,5.807229738991237,8.23664424312254
459,54.64173205021001,4.0966836985323205,9.072949016875157
460,54.122147477075245,6.658592155440449,9.999999999999961
461,53.625760102513084,6.391154876848496,10.927050983124852
462,53.1545289407131,1.495613959535778,11.763355756877397
463,52.71031372578587,7.489529826530241,12.427050983124854
464,52.2948675722421,6.18785773051023,12.853169548885456
465,51.90983005625052,7.65343122863151,13.0
466,51.55672074497985,5.302353719404296,12.853169548885463
467,51.23693319956136,6.107213933054955,12.427050983124868
468,50.95172947533979,5.8971014607560654,11.763355756877417
469,50.70223514111748,3.7425522570246734,10.927050983124873
470,50.48943483704846,1.7120116827437104,9.999999999999986
471,50.31416838871368,2.6496037561526133,9.07294901687518
472,50.17712749271311,7.333232177413452,8.23664424312263
473,50.078852986855225,6.987264653274503,7.572949016875165
474,50.01973271571728,4.084763281690129,7.146830451114554
475,50.0,4.577457995797182,7.0
476,50.01973271571728,7.83661791271933,7.1468304511145275
477,50.078852986855225,6.6849763338413695,7.572949016875163
478,50.17712749271312,3.8310606612569833,8.236644243122559
479,50.314168388713696,5.1178134390813526,9.072949016875176
480,50.48943483704847,4.75848517430016,9.999999999999982
481,50.70223514111749,6.538112619698348,10.92705098312479
482,50.95172947533981,6.568585342186373,11.763355756877413
483,51.23693319956137,5.229146872465576,12.427050983124817
484,51.556720744979856,5.434230302344208,12.853169548885461
485,51.90983005625053,2.588393633606621,13.0
486,52.29486757224211,6.542619750643237,12.853169548885457
487,52.71031372578588,1.1346780215903758,12.427050983124856
488,53.154528940713135,6.199387134074261,11.763355756877399
489,53.62576010251313,0.8601858418521697,10.927050983124854
490,54.12214747707529,2.0637781575176217,10.00000000000005
491,54.64173205021005,4.405199437906893,9.07294901687516
492,55.182463258982864,4.48818216908205,8.236644243122612
493,55.74220708434929,7.05659136702163,7.572949016875153
494,56.31875447315323,8.043758584697473,7.146830451114548
495,56.90983005625053,2.8942066451978907,7.0
496,57.51310112835145,6.401673720005011,7.146830451114534
497,58.12618685414275,3.338279601911477,7.572949016875125
498,58.74666766435699,1.3906948462306739,8.236644243122575
499,59.37209480470689,5.548199236433326,9.072949016875114
500,60.00000000000002,5.148486241680519,10.000000000000004
501,60.62790519529315,4.230916826051165,10.92705098312481
502,61.25333233564306,5.6146634062455725,11.76335575687743
503,61.873813145857255,5.003228571447491,12.427050983124829
504,62.486898871648556,4.621535155333359,12.853169548885441
505,63.09016994374948,4.854837769995477,13.0
506,63.68124552684678,6.491900705826156,12.853169548885475
507,64.25779291565073,8.771496214127444,12.427050983124843
508,64.81753674101718,5.952171439895034,11.763355756877452
509,65.35826794978999,6.147822127754414,10.927050983124834
510,65.87785252292475,7.206571017839959,10.00000000000003
511,66.37423989748689,7.897754550569358,9.07294901687514
512,66.8454710592869,2.708627471909403,8.236644243122596
513,67.28968627421415,5.237602898405808,7.5729490168751905
514,67.7051324277579,2.93038799678792,7.146830451114542
515,68.0901699437495,3.9284566567643666,7.0
516,68.44327925502014,6.020232802052672,7.14683045111454
517,68.76306680043865,4.1921688550587675,7.572949016875137
518,69.0482705246602,1.9557849466077841,8.23664424312259
519,69.29776485888252,6.504445570283087,9.072949016875135
520,69.51056516295154,5.997707318612079,10.000000000000023
521,69.68583161128632,3.4437095839071423,10.927050983124829
522,69.82287250728689,10.493396492739553,11.763355756877377
523,69.92114701314478,4.570420154487534,12.42705098312484
524,69.98026728428272,5.898168351788127,12.853169548885448
525,70.0,7.4502727493449665,13.0
526,69.98026728428272,4.766713602432219,12.85316954888547
527,69.92114701314478,8.319156136726193,12.427050983124833
528,69.82287250728689,6.434421155453725,11.763355756877434
529,69.68583161128632,2.8204147761233824,10.927050983124897
530,69.51056516295154,5.809242300070798,10.000000000000009
531,69.29776485888252,7.697141281511994,9.072949016875201
532,69.04827052466018,1.4293047822609002,8.23664424312258
533,68.76306680043861,2.253619555303475,7.572949016875178
534,68.44327925502014,7.178915155544789,7.1468304511145355
535,68.09016994374944,4.795443246857035,7.0
536,67.70513242775789,4.324291033347004,7.1468304511145195
537,67.28968627421409,4.808352858934713,7.57294901687515
538,66.8454710592869,6.293180939558816,8.236644243122539
539,66.37423989748687,4.668305178296961,9.072949016875153
540,65.87785252292474,4.480310658487784,9.99999999999996
541,65.35826794978995,5.711567027243367,10.927050983124849
542,64.81753674101711,7.181786854490944,11.763355756877395
543,64.25779291565071,5.877815951161984,12.427050983124852
544,63.68124552684674,7.689461935046226,12.853169548885454
545,63.09016994374947,3.5120062337096973,13.0
546,62.48689887164851,5.965139719483816,12.853169548885464
547,61.87381314585725,6.760434086433326,12.42705098312487
548,61.253332335643016,5.4188145890083,11.763355756877418
549,60.627905195293145,2.88495497631246,10.927050983124877
550,59.99999999999998,2.4748494011242443,9.999999999999988
551,59.37209480470688,6.981429735106718,9.072949016875182
552,58.74666766435694,8.623182094375696,8.236644243122562
553,58.12618685414271,4.420306052409138,7.5729490168751665
554,57.513101128351444,8.05483763174288,7.146830451114555
555,56.909830056250485,3.1298244158732924,7.0
556,56.31875447315322,4.95090729226514,7.146830451114527
557,55.742207084349246,1.0578175511267984,7.572949016875161
558,55.18246325898285,6.9797519229040965,8.236644243122555
559,54.64173205021001,5.080944025033923,9.072949016875175
560,54.12214747707528,6.833110308812376,9.999999999999979
561,53.62576010251309,4.217093295668987,10.927050983124786
562,53.15452894071308,3.4524108012227304,11.763355756877411
563,52.71031372578588,6.9963639706780665,12.427050983124815
564,52.29486757224208,7.308617546402601,12.853169548885461
565,51.90983005625053,4.374368756275873,13.0
566,51.55672074497983,2.5640646846207464,12.853169548885457
567,51.23693319956136,5.48893186964378,12.427050983124857
568,50.95172947533979,4.785406046214544,11.76335575687747
569,50.70223514111749,6.009278982982753,10.927050983124857
570,50.48943483704846,2.879750529315713,10.000000000000053
571,50.314168388713696,5.678846320383626,9.072949016875162
572,50.17712749271311,6.953491288955787,8.236644243122615
573,50.07885298685522,4.212623738056132,7.572949016875154
574,50.01973271571728,5.924852077197657,7.146830451114549
575,50.0,5.103366832612701,7.0
576,50.01973271571728,6.982292361937445,7.146830451114533
577,50.078852986855225,2.978628043235659,7.572949016875123
578,50.17712749271311,3.5370547677156745,8.236644243122573
579,50.314168388713696,5.676388340496377,9.072949016875112
580,50.489434837048464,6.831855553224194,10.0
581,50.70223514111749,2.258417955379298,10.927050983124806
582,50.951729475339825,3.688272722284256,11.763355756877427
583,51.23693319956137,4.6563947989943575,12.427050983124827
584,51.55672074497987,7.413603482801433,12.853169548885468
585,51.90983005625053,7.676183953666885,13.0
586,52.29486757224213,1.5837674266830741,12.853169548885477
587,52.71031372578588,4.234053622638912,12.427050983124847
588,53.154528940713135,6.688261474890883,11.763355756877454
589,53.6257601025131,5.396567846689838,10.927050983124838
590,54.12214747707529,3.010720494588638,10.000000000000032
591,54.64173205021008,3.026428602498549,9.072949016875143
592,55.18246325898286,6.517557697586065,8.236644243122598
593,55.74220708434932,4.379914805837391,7.572949016875192
594,56.31875447315323,5.8200156738003965,7.146830451114543
595,56.90983005625056,6.970196827533591,7.0
596,57.51310112835145,3.4906267954223926,7.146830451114539
597,58.12618685414279,2.214924702827181,7.572949016875135
598,58.74666766435695,7.57208419935011,8.236644243122589
599,59.37209480470689,4.344076510963213,9.072949016875132
600,59.999999999999986,7.003237904593956,9.999999999999936
601,60.62790519529315,4.79347662260971,10.927050983124825
602,61.253332335643094,6.0249190353367545,11.763355756877376
603,61.873813145857255,8.679449834603142,12.42705098312484
604,62.48689887164859,10.51568045029548,12.853169548885447
605,63.09016994374948,4.779587658378358,13.0
606,63.68124552684681,3.652743390833777,12.853169548885472
607,64.25779291565073,5.277316529937066,12.427050983124833
608,64.81753674101718,3.92968236961464,11.763355756877438
609,65.35826794978996,2.663942451432309,10.927050983124898
610,65.87785252292474,2.63393388922606,10.000000000000012
611,66.37423989748694,6.255842457684819,9.072949016875205
612,66.8454710592869,1.7031553405709405,8.236644243122582
613,67.28968627421415,5.5414604159409775,7.57294901687518
614,67.70513242775789,7.578379564262534,7.146830451114536
615,68.0901699437495,5.060702764568208,7.0
616,68.44327925502014,8.271303562814484,7.146830451114545
617,68.76306680043865,8.191678838025918,7.572949016875148
618,69.0482705246602,8.324112352905269,8.236644243122537
619,69.29776485888252,1.9721735171163668,9.072949016875151
620,69.51056516295154,3.527681922387112,9.999999999999956
621,69.68583161128632,1.7760483090844037,10.927050983124847
622,69.82287250728689,2.6689842975302014,11.763355756877392
623,69.92114701314478,2.9153126704860743,12.42705098312485
624,69.98026728428272,4.29825677764693,12.853169548885454
625,70.0,4.491677399597976,13.0
626,69.98026728428272,3.205185417731638,12.853169548885464
627,69.92114701314478,4.59677833515884,12.427050983124872
628,69.82287250728689,2.9602949136093724,11.76335575687742
629,69.68583161128632,6.52233924127604,10.927050983124879
630,69.51056516295154,4.117992343578716,9.999999999999991
631,69.29776485888249,5.127615981591525,9.072949016875185
632,69.04827052466018,7.443037186079023,8.236644243122633
633,68.76306680043862,2.1861679332461823,7.572949016875168
634,68.44327925502014,4.199365746138541,7.146830451114557
635,68.09016994374946,4.1365752394975,7.0
636,67.70513242775789,3.4005402982544144,7.146830451114525
637,67.28968627421409,5.499481149094244,7.572949016875159
638,66.8454710592869,5.51257275499585,8.236644243122553
639,66.37423989748687,8.051756776660104,9.072949016875171
640,65.87785252292474,4.821577837862455,9.999999999999977
641,65.35826794978995,5.4062123177396595,10.927050983124785
642,64.81753674101711,6.669301890640565,11.76335575687741
643,64.25779291565073,5.4287182531833515,12.427050983124813
644,63.681245526846745,7.144085457136841,12.853169548885461
645,63.09016994374947,6.405164692579517,13.0
646,62.48689887164851,2.6866009558320343,12.853169548885457
647,61.87381314585725,5.64421036721603,12.42705098312486
648,61.253332335643016,6.847377913166023,11.763355756877404
649,60.627905195293145,2.9298793583795955,10.92705098312486
650,59.99999999999998,6.040668927318342,10.000000000000055
651,59.37209480470681,4.881560581032579,9.072949016875166
652,58.74666766435695,4.670581558740082,8.236644243122617
653,58.12618685414271,6.210525446066791,7.572949016875157
654,57.513101128351444,5.701393242040076,7.14683045111455
655,56.90983005625049,1.6182473920202027,7.0
656,56.31875447315322,3.637374765754905,7.146830451114532
657,55.742207084349246,5.74567129153445,7.572949016875121
658,55.18246325898286,4.146198432349203,8.23664424312257
659,54.64173205021002,4.148398318819417,9.072949016875109
660,54.122147477075224,2.1097014388296738,9.999999999999996
661,53.62576010251309,1.3927772585713183,10.927050983124804
662,53.15452894071308,6.8212862870771485,11.763355756877425
663,52.71031372578588,4.133371065248806,12.427050983124825
664,52.29486757224208,8.021078048246661,12.85316954888544
665,51.90983005625053,2.9580702982463736,13.0
666,51.55672074497983,7.432991927611155,12.853169548885479
667,51.23693319956136,3.905017379861113,12.427050983124847
668,50.95172947533979,4.007254608387985,11.763355756877456
669,50.70223514111749,4.731039062727564,10.92705098312484
670,50.48943483704846,6.341995684298414,10.000000000000036
671,50.314168388713675,4.088996111766657,9.072949016875146
672,50.17712749271311,3.5726274311281316,8.236644243122601
673,50.07885298685522,6.3660077582319445,7.572949016875194
674,50.01973271571728,7.195934383418413,7.1468304511145435
675,50.0,3.997687454389034,7.0
676,50.01973271571728,7.194342433950563,7.146830451114538
677,50.078852986855225,1.4178997561815052,7.572949016875134
678,50.17712749271311,3.6071349225127323,8.236644243122587
679,50.314168388713696,1.1092419719619317,9.072949016875128
680,50.48943483704848,3.049122079825665,10.000000000000018
681,50.70223514111749,0.6248444072540202,10.927050983124824
682,50.951729475339825,4.644574709546879,11.763355756877374
683,51.23693319956137,1.2343459109610064,12.427050983124836
684,51.55672074497987,4.017182008575373,12.853169548885447
685,51.90983005625053,4.6779221742175885,13.0
686,52.294867572242126,6.93456908528048,12.853169548885472
687,52.71031372578588,4.238744714962516,12.427050983124836
688,53.154528940713135,5.639547617872094,11.76335575687744
689,53.62576010251309,4.293411410633748,10.927050983124902
690,54.12214747707529,5.14233356536842,10.000000000000014
691,54.64173205021008,2.97249892827092,9.072949016875206
692,55.18246325898286,6.1666005832251125,8.236644243122583
693,55.74220708434931,4.095321614586898,7.572949016875182
694,56.31875447315323,3.090387151047801,7.146830451114537
695,56.90983005625056,-0.7011055002896933,7.0
696,57.51310112835145,1.6914335032836991,7.146830451114518
697,58.12618685414278,5.349443354378682,7.572949016875146
698,58.74666766435695,0.8327143027623745,8.236644243122534
699,59.37209480470689,4.592325691373791,9.072949016875148
700,60.00000000000006,7.053091619601803,9.999999999999954
701,60.627905195293145,7.057375080688753,10.927050983124843
702,61.25333233564309,11.264643263036007,11.76335575687739
703,61.873813145857255,4.769861592265091,12.427050983124849
704,62.486898871648584,8.48437428823631,12.853169548885452
705,63.09016994374947,4.170040477853633,13.0
706,63.68124552684681,6.103381978488406,12.853169548885464
707,64.25779291565073,3.514070860586197,12.427050983124873
708,64.81753674101718,6.477892343051391,11.763355756877424
709,65.35826794979002,4.52020015099584,10.927050983124882
710,65.87785252292474,7.144703056928741,9.999999999999995
711,66.37423989748693,3.689992546026035,9.072949016875187
712,66.8454710592869,3.4323430955497285,8.236644243122567
713,67.28968627421415,7.568618859708758,7.57294901687517
714,67.70513242775789,5.504437127004941,7.146830451114557
715,68.0901699437495,6.8614439282395665,7.0
716,68.44327925502014,4.784174397734363,7.146830451114525
717,68.76306680043865,3.16373583146157,7.5729490168751585
718,69.0482705246602,6.301591509583131,8.236644243122552
719,69.29776485888252,5.812922850409267,9.072949016875167
720,69.51056516295155,6.438607173792803,9.999999999999973
721,69.68583161128632,6.44161307819529,10.927050983124781
722,69.82287250728689,0.7742969221593192,11.763355756877406
723,69.92114701314478,7.86119150901974,12.427050983124811
724,69.98026728428272,4.809088325870312,12.85316954888546
725,70.0,2.5130762700756093,13.0
726,69.98026728428272,9.201650525610923,12.85316954888546
727,69.92114701314478,5.842661922077649,12.427050983124861
728,69.82287250728689,3.0625083723213122,11.763355756877475
729,69.68583161128629,3.6241282400386776,10.927050983124863
730,69.51056516295154,7.019054905451743,10.000000000000059
731,69.29776485888249,3.0229459748001863,9.072949016875167
732,69.0482705246602,5.590361538087491,8.236644243122619
733,68.76306680043862,6.123533932208567,7.5729490168751585
734,68.44327925502014,5.440197384515628,7.1468304511145515
735,68.09016994374946,7.271033722407823,7.0
736,67.70513242775789,3.610761831954347,7.146830451114531
737,67.28968627421409,5.779814014534426,7.5729490168751195
738,66.8454710592869,2.9729523690696587,8.236644243122567
739,66.37423989748689,6.112711038539292,9.072949016875107
740,65.87785252292468,4.4172901241122995,9.999999999999995
741,65.35826794978996,6.27653387614564,10.9270509831248
742,64.81753674101711,7.14946179295206,11.763355756877424
743,64.25779291565073,8.23965877096651,12.427050983124822
744,63.681245526846745,4.0315896363897075,12.853169548885464
745,63.09016994374947,4.395485160944988,13.0
746,62.48689887164852,4.969639841629676,12.853169548885479
747,61.873813145857255,1.6979880403156105,12.427050983124849
748,61.253332335643016,10.42900286016301,11.76335575687746
749,60.627905195293074,5.682476097087017,10.927050983124843
750,59.999999999999986,2.441762115805865,10.000000000000039
751,59.37209480470682,5.609117320509137,9.072949016875148
752,58.74666766435695,1.9419580100237388,8.236644243122603
753,58.12618685414271,6.107012063889249,7.572949016875196
754,57.51310112835145,6.679870288583531,7.146830451114544
755,56.90983005625049,4.682704210309375,7.0
756,56.31875447315323,3.3221134952039844,7.146830451114537
757,55.742207084349246,10.619803690437164,7.572949016875132
758,55.18246325898286,8.453195023617468,8.236644243122583
759,54.64173205021002,2.476137493755753,9.072949016875127
760,54.122147477075224,5.013487130146601,9.999999999999929
761,53.62576010251309,8.240909950125593,10.92705098312482
762,53.15452894071308,3.9128512539609437,11.76335575687737
763,52.71031372578588,6.306904596173736,12.427050983124836
764,52.29486757224208,3.375829062887568,12.853169548885447
765,51.90983005625053,5.691328179019134,13.0
766,51.556720744979835,7.544490773936726,12.853169548885472
767,51.23693319956136,7.315493019382696,12.427050983124836
768,50.951729475339796,3.35562572458628,11.763355756877441
769,50.70223514111747,3.8752748611569046,10.927050983124905
770,50.489434837048464,5.0512330819695,10.000000000000018
771,50.314168388713675,3.989997594775394,9.07294901687521
772,50.17712749271311,8.140482529211953,8.236644243122587
773,50.07885298685522,4.260513693475363,7.572949016875183
774,50.01973271571728,5.759469562833011,7.146830451114538
775,50.0,-0.09064240988680261,7.0
776,50.01973271571728,8.565896398828581,7.1468304511145435
777,50.078852986855225,5.158569310373096,7.572949016875144
778,50.177127492713126,4.188239992577278,8.236644243122532
779,50.314168388713696,5.395994552166544,9.072949016875146
780,50.48943483704848,3.6582521077089196,9.99999999999995
781,50.70223514111749,0.961168269162493,10.92705098312484
782,50.951729475339825,8.281848395003548,11.763355756877388
783,51.23693319956136,3.9509017195093867,12.427050983124847
784,51.55672074497987,9.067451623400899,12.853169548885452
785,51.90983005625053,7.3664681266601875,13.0
786,52.294867572242126,4.881756740123222,12.853169548885466
787,52.71031372578588,6.397511047124852,12.427050983124875
788,53.15452894071313,6.0609022403876756,11.763355756877425
789,53.62576010251315,8.669013870689268,10.927050983124886
790,54.12214747707528,10.616130312185453,9.999999999999996
791,54.641732050210074,7.208373147862384,9.07294901687519
792,55.18246325898286,4.862888177068442,8.236644243122639
793,55.74220708434931,5.522520445667267,7.572949016875172
794,56.31875447315322,2.3157894309553853,7.146830451114559
795,56.909830056250556,5.880988804170978,7.0
796,57.513101128351444,5.198413276793673,7.146830451114524
797,58.12618685414278,4.475543640761054,7.572949016875157
798,58.74666766435701,5.189803280481662,8.236644243122548
799,59.37209480470688,4.946852200567709,9.072949016875166
800,60.00000000000005,3.786164181730866,9.99999999999997
801,60.627905195293145,3.2327854992226186,10.92705098312478
802,61.25333233564309,6.329075023315237,11.763355756877404
803,61.87381314585725,6.994825401093221,12.42705098312481
804,62.486898871648584,1.9739154967306405,12.853169548885457
805,63.09016994374947,1.810108682741017,13.0
806,63.68124552684681,2.4573955378391537,12.853169548885461
807,64.25779291565073,4.414185160180154,12.427050983124863
808,64.81753674101718,7.343559429637008,11.76335575687741
809,65.35826794979002,4.0392037361319115,10.927050983124865
810,65.87785252292474,5.477251366990898,10.000000000000062
811,66.37423989748693,6.374114017867996,9.072949016875171
812,66.8454710592869,2.5226861815659665,8.236644243122623
813,67.28968627421415,7.783663380383051,7.572949016875159
814,67.70513242775789,6.074755551652933,7.1468304511145515
815,68.09016994374949,4.084459373521351,7.0
816,68.44327925502014,6.894234407981784,7.1468304511145035
817,68.76306680043865,6.443687147519554,7.572949016875168
818,69.04827052466023,6.182285398697513,8.236644243122566
819,69.29776485888252,3.9863667582847473,9.072949016875103
820,69.51056516295155,5.775834197690198,9.999999999999906
821,69.68583161128632,3.3923949777155373,10.927050983124879
822,69.82287250728689,1.7287447651300711,11.76335575687742
823,69.92114701314478,4.316183002644993,12.427050983124822
824,69.98026728428272,6.051707135838495,12.853169548885438
825,70.0,4.471556360641361,13.0
826,69.98026728428272,5.720219323152018,12.853169548885454
827,69.92114701314478,4.991823413470537,12.42705098312485
828,69.82287250728689,3.3480141992410655,11.763355756877461
829,69.68583161128629,6.542297391319466,10.927050983124927
830,69.51056516295154,8.149863374936764,9.999999999999956
831,69.2977648588825,3.0796525347154557,9.072949016875151
832,69.0482705246602,7.171281792853496,8.236644243122605
833,68.76306680043862,5.729927684142385,7.572949016875198
834,68.44327925502014,6.10486518210503,7.146830451114572
835,68.09016994374946,4.860027414637278,7.0
836,67.70513242775789,6.4834748526019546,7.146830451114536
837,67.28968627421409,4.5411136301775175,7.57294901687513
838,66.84547105928685,7.697760654281694,8.236644243122512
839,66.37423989748689,6.694973359126372,9.072949016875205
840,65.87785252292468,8.20199258777239,10.000000000000012
841,65.35826794978996,2.784136188827185,10.927050983124818
842,64.81753674101711,6.07969532400843,11.763355756877369
843,64.25779291565073,6.145554593826948,12.427050983124783
844,63.681245526846745,3.8954412002716667,12.853169548885472
845,63.09016994374948,3.4444210296466573,13.0
846,62.48689887164852,4.5014143510912845,12.853169548885473
847,61.873813145857184,4.017524678966115,12.42705098312489
848,61.25333233564302,3.14201574569558,11.763355756877376
849,60.62790519529308,2.434992952757631,10.927050983124825
850,59.999999999999986,8.877253364340524,10.000000000000021
851,59.37209480470682,7.588500997468575,9.072949016875214
852,58.74666766435695,4.492424956846252,8.236644243122658
853,58.126186854142716,3.9478336909032725,7.572949016875135
854,57.51310112835145,5.82109523684286,7.146830451114539
855,56.90983005625049,6.841437752460511,7.0
856,56.31875447315323,4.506204421379201,7.146830451114516
857,55.74220708434925,6.17498471861025,7.572949016875093
858,55.1824632589828,3.0432880688189536,8.236644243122598
859,54.64173205021002,3.8489468963552858,9.072949016875143
860,54.12214747707523,4.626883609647486,9.999999999999947
861,53.6257601025131,4.430356407647219,10.927050983124756
862,53.15452894071308,2.5114511717766126,11.763355756877454
863,52.71031372578588,5.300153852757804,12.427050983124847
864,52.29486757224208,4.017350127909357,12.85316954888545
865,51.90983005625053,4.165363385721046,13.0
866,51.556720744979835,6.370468433007064,12.853169548885493
867,51.236933199561335,5.008684578047838,12.427050983124827
868,50.951729475339796,4.269159353196338,11.763355756877427
869,50.70223514111747,5.444566817985967,10.927050983124888
870,50.489434837048464,3.333939864065656,10.000000000000085
871,50.314168388713675,3.9030304632513126,9.072949016875112
872,50.17712749271311,0.904576658958284,8.236644243122573
873,50.07885298685522,6.038637793185043,7.572949016875173
874,50.01973271571728,5.727676316025172,7.146830451114559
875,50.0,5.147957219737166,7.0
876,50.01973271571728,2.450563547848488,7.146830451114549
877,50.078852986855225,4.02094999063195,7.572949016875154
878,50.177127492713126,7.187196835864821,8.236644243122546
879,50.314168388713696,3.2229673652310957,9.072949016875082
880,50.48943483704848,5.327116611318115,9.999999999999883
881,50.70223514111749,3.0603855189173825,10.927050983124857
882,50.951729475339825,3.5652910583432624,11.763355756877402
883,51.23693319956136,3.3653385227424497,12.427050983124808
884,51.55672074497987,4.556911295695857,12.85316954888543
885,51.90983005625053,7.122660065901898,13.0
886,52.294867572242126,2.0739545513280655,12.853169548885461
887,52.71031372578592,3.736662229427947,12.427050983124865
888,53.15452894071313,1.849235929196972,11.76335575687748
889,53.62576010251314,8.469930246856853,10.92705098312495
890,54.12214747707528,3.6508409687639576,9.999999999999979
891,54.641732050210074,8.23906873078436,9.072949016875175
892,55.18246325898285,2.880073943355559,8.236644243122624
893,55.74220708434931,4.532205572276069,7.572949016875212
894,56.31875447315322,5.695960086967739,7.146830451114527
895,56.909830056250556,3.710477346143064,7.0
896,57.513101128351515,5.165000960851139,7.146830451114529
897,58.12618685414278,1.3271358189415885,7.572949016875116
898,58.74666766435701,4.850283170809672,8.236644243122495
899,59.37209480470688,4.544678047263582,9.072949016875182
900,60.00000000000005,7.50529258677021,9.999999999999988
901,60.627905195293145,2.9214682807633614,10.927050983124795
902,61.25333233564309,5.540088284539231,11.763355756877349
903,61.87381314585725,5.664823760675837,12.42705098312487
904,62.486898871648584,3.641609265748041,12.853169548885464
905,63.09016994374947,5.840366835242226,13.0
906,63.68124552684681,4.591274567763214,12.85316954888548
907,64.25779291565078,4.696174991705685,12.427050983124904
908,64.81753674101716,6.967555278800111,11.763355756877395
909,65.35826794979,4.880613387313258,10.927050983124849
910,65.87785252292474,7.823908757908669,10.000000000000044
911,66.37423989748693,2.73921471632781,9.072949016875235
912,66.8454710592869,3.619192326193347,8.236644243122539
913,67.28968627421415,7.322483381373001,7.57294901687515
914,67.70513242775789,4.955396456847997,7.146830451114546
915,68.09016994374949,4.226854494966337,7.0
916,68.44327925502019,3.722341149667478,7.146830451114509
917,68.76306680043865,3.0299123450285648,7.572949016875178
918,69.04827052466023,4.106013513386604,8.23664424312258
919,69.29776485888252,8.535415839191357,9.072949016875121
920,69.51056516295155,5.74835129559415,9.999999999999924
921,69.68583161128632,6.341908427815128,10.927050983124735
922,69.82287250728689,4.599314379366649,11.763355756877434
923,69.92114701314478,3.1867585346443486,12.427050983124833
924,69.98026728428272,6.772405330609406,12.853169548885443
925,70.0,6.7709609311763455,13.0
926,69.98026728428272,7.32116866433778,12.853169548885448
927,69.92114701314478,4.064107925218608,12.42705098312484
928,69.82287250728689,5.022466778934753,11.763355756877447
929,69.6858316112863,4.826588682275948,10.92705098312491
930,69.51056516295154,5.842073548583175,10.000000000000108
931,69.2977648588825,5.553794101676086,9.072949016875135
932,69.0482705246602,5.594681501461139,8.23664424312259
933,68.76306680043862,3.0989197548778193,7.572949016875187
934,68.44327925502014,3.4120462957583646,7.146830451114567
935,68.09016994374946,6.203103386534235,7.0
936,67.70513242775786,5.036371045070564,7.146830451114542
937,67.2896862742141,2.0098222316930623,7.572949016875141
938,66.84547105928685,2.0388276123400177,8.236644243122527
939,66.37423989748689,1.7556115420993486,9.072949016875059
940,65.8778525229247,7.275561305670598,10.00000000000003
941,65.35826794978996,5.161222057289493,10.927050983124834
942,64.81753674101712,6.055811684728112,11.763355756877383
943,64.25779291565073,3.325636725780835,12.427050983124794
944,63.68124552684675,5.700982911199501,12.853169548885424
945,63.09016994374948,7.463935059190351,13.0
946,62.48689887164852,2.28521694442085,12.853169548885468
947,61.87381314585719,2.6746840679853783,12.427050983124879
948,61.25333233564302,1.8014204745299627,11.7633557568775
949,60.62790519529308,1.9571839526177315,10.92705098312481
950,59.999999999999986,5.191437765235608,10.000000000000004
951,59.37209480470682,9.27438151758776,9.072949016875196
952,58.746667664356956,5.696908762558824,8.236644243122644
953,58.126186854142716,6.399575976284324,7.572949016875225
954,57.51310112835145,4.068596370351488,7.146830451114534
955,56.9098300562505,6.062403837810523,7.0
956,56.31875447315316,4.431061067251709,7.146830451114521
957,55.74220708434925,2.07118943420036,7.572949016875103
958,55.1824632589828,2.699589231385727,8.236644243122612
959,54.641732050210024,5.52835747404456,9.07294901687516
960,54.12214747707523,2.7449587283130823,9.999999999999964
961,53.6257601025131,2.3287190997234344,10.927050983124774
962,53.154528940713085,7.068805340454664,11.763355756877331
963,52.71031372578588,6.073515509915017,12.427050983124856
964,52.29486757224208,1.532976128302309,12.853169548885457
965,51.909830056250485,2.5678879983694762,13.0
966,51.556720744979835,-1.5484217589548788,12.85316954888549
967,51.236933199561335,5.267700921455842,12.427050983124817
968,50.951729475339796,5.284658313722627,11.763355756877413
969,50.70223514111747,7.242618431875888,10.927050983124872
970,50.489434837048464,3.9901154381401804,10.000000000000068
971,50.31416838871368,4.399692206593157,9.072949016875258
972,50.17712749271311,4.733705064266659,8.236644243122559
973,50.07885298685522,9.25247049043557,7.572949016875163
974,50.01973271571728,7.350689930098422,7.146830451114553
975,50.0,3.3345563620954026,7.0
976,50.01973271571729,5.246519777190723,7.146830451114554
977,50.078852986855225,3.7063044932736093,7.572949016875165
978,50.177127492713126,2.786778884820098,8.23664424312256
979,50.314168388713696,3.881991283340497,9.072949016875098
980,50.48943483704848,2.388102143654454,9.9999999999999
981,50.70223514111749,4.667825196953363,10.927050983124873
982,50.95172947533982,6.037428318739125,11.763355756877417
983,51.23693319956136,5.936426205823036,12.427050983124818
984,51.55672074497987,6.469966030442469,12.853169548885436
985,51.90983005625056,8.847073740447808,13.0
986,52.294867572242126,6.604955499372146,12.853169548885456
987,52.71031372578592,2.1294509720032337,12.427050983124854
988,53.15452894071313,0.6517085588491396,11.763355756877466
989,53.62576010251314,5.63330524364291,10.927050983124932
990,54.12214747707527,8.14880426819457,9.999999999999961
991,54.64173205021007,5.516279027888884,9.072949016875157
992,55.18246325898285,7.522768699605959,8.23664424312261
993,55.7422070843493,9.125535208207786,7.572949016875201
994,56.31875447315322,6.381064784693712,7.146830451114574
995,56.909830056250556,3.4138774380411534,7.0
996,57.51310112835151,6.56202030384176,7.146830451114535
997,58.12618685414277,2.5059989392696242,7.572949016875127
998,58.74666766435701,5.32825536364071,8.236644243122509
999,59.37209480470688,3.3498177288370146,9.0729490168752
